"Категория";"Производитель";"Модель";"Цена";"Валюта";"Наличие";"Описание";"Гарантия (мес)";"Ссылка на товар в интернет магазине";"Доставка";"Безналичный расчет";"Кредит"
Компьютеры;Компьютер под заказ;AMD 1055T/4/1000/GTX550 Ti/500 Вт;505;USD;Склад;Любое изменение конфигурации. Установка и подключение бесплатно. Доставка по всей Беларуси. На сайте WWW.COOLER.BY большой выбор комплектаций, подбор через онлайн конфигуратор! Skype: cooler.by ;24;;Бесплатная;Да;Да
Компьютеры;Компьютер под заказ;AMD 1075T/8/1500/GTX560 OC/600 Вт;685;USD;Склад;Любое изменение конфигурации. Установка и подключение бесплатно. Доставка по всей Беларуси. На сайте WWW.COOLER.BY большой выбор комплектаций, подбор через онлайн конфигуратор! Skype: cooler.by ;24;;Бесплатная;Да;Да
Компьютеры;Компьютер под заказ;AMD 145/2/500/450 Вт;220;USD;Склад;Любое изменение конфигурации. Установка и подключение бесплатно. Доставка по всей Беларуси. На сайте WWW.COOLER.BY большой выбор комплектаций, подбор через онлайн конфигуратор! Skype: cooler.by ;24;;Бесплатная;Да;Да
Компьютеры;Компьютер под заказ;AMD 245/2/500/450 Вт;225;USD;Склад;Любое изменение конфигурации. Установка и подключение бесплатно. Доставка по всей Беларуси. На сайте WWW.COOLER.BY большой выбор комплектаций, подбор через онлайн конфигуратор! Skype: cooler.by ;24;;Бесплатная;Да;Да
Компьютеры;Компьютер под заказ;AMD 250/2/500/450 Вт;240;USD;Склад;Любое изменение конфигурации. Установка и подключение бесплатно. Доставка по всей Беларуси. На сайте WWW.COOLER.BY большой выбор комплектаций, подбор через онлайн конфигуратор! Skype: cooler.by ;24;;Бесплатная;Да;Да
Компьютеры;Компьютер под заказ;AMD 255/2/500/450 Вт;245;USD;Склад;Любое изменение конфигурации. Установка и подключение бесплатно. Доставка по всей Беларуси. На сайте WWW.COOLER.BY большой выбор комплектаций, подбор через онлайн конфигуратор! Skype: cooler.by ;24;;Бесплатная;Да;Да
Компьютеры;Компьютер под заказ;AMD 260/2/500/450 Вт;245;USD;Склад;Любое изменение конфигурации. Установка и подключение бесплатно. Доставка по всей Беларуси. На сайте WWW.COOLER.BY большой выбор комплектаций, подбор через онлайн конфигуратор! Skype: cooler.by ;24;;Бесплатная;Да;Да
Компьютеры;Компьютер под заказ;AMD 270/2/500/450 Вт;256;USD;Склад;Любое изменение конфигурации. Установка и подключение бесплатно. Доставка по всей Беларуси. На сайте WWW.COOLER.BY большой выбор комплектаций, подбор через онлайн конфигуратор! Skype: cooler.by ;12;;Бесплатная;Да;Да
Компьютеры;Компьютер под заказ;AMD 270/4/500/450 Вт;264;USD;Склад;Любое изменение конфигурации. Установка и подключение бесплатно. Доставка по всей Беларуси. На сайте WWW.COOLER.BY большой выбор комплектаций, подбор через онлайн конфигуратор! Skype: cooler.by ;12;;Бесплатная;Да;Да
Компьютеры;Компьютер под заказ;AMD 270/4/500/GT630/550 Вт;333;USD;Склад;Любое изменение конфигурации. Установка и подключение бесплатно. Доставка по всей Беларуси. На сайте WWW.COOLER.BY большой выбор комплектаций, подбор через онлайн конфигуратор! Skype: cooler.by ;12;;Бесплатная;Да;Да
Компьютеры;Компьютер под заказ;AMD 4100/4/500/GTX550 Ti/500 Вт;455;USD;Склад;Любое изменение конфигурации. Установка и подключение бесплатно. Доставка по всей Беларуси. На сайте WWW.COOLER.BY большой выбор комплектаций, подбор через онлайн конфигуратор! Skype: cooler.by ;24;;Бесплатная;Да;Да
Компьютеры;Компьютер под заказ;AMD 4170/4/500/GT640/550 Вт;447;USD;Склад;Любое изменение конфигурации. Установка и подключение бесплатно. Доставка по всей Беларуси. На сайте WWW.COOLER.BY большой выбор комплектаций, подбор через онлайн конфигуратор! Skype: cooler.by ;12;;Бесплатная;Да;Да
Компьютеры;Компьютер под заказ;AMD 4170/8/1000/GTX550 Ti/550 Вт;498;USD;Склад;Любое изменение конфигурации. Установка и подключение бесплатно. Доставка по всей Беларуси. На сайте WWW.COOLER.BY большой выбор комплектаций, подбор через онлайн конфигуратор! Skype: cooler.by ;12;;Бесплатная;Да;Да
Компьютеры;Компьютер под заказ;AMD 425/2/250/GT520/400 Вт;300;USD;Склад;Любое изменение конфигурации. Установка и подключение бесплатно. Доставка по всей Беларуси. На сайте WWW.COOLER.BY большой выбор комплектаций, подбор через онлайн конфигуратор! Skype: cooler.by ;24;;Бесплатная;Да;Да
Компьютеры;Компьютер под заказ;AMD 445/4/500/GT640/550 Вт;377;USD;Склад;Любое изменение конфигурации. Установка и подключение бесплатно. Доставка по всей Беларуси. На сайте WWW.COOLER.BY большой выбор комплектаций, подбор через онлайн конфигуратор! Skype: cooler.by ;12;;Бесплатная;Да;Да
Компьютеры;Компьютер под заказ;AMD 445/4/500/GTX550 Ti/550 Вт;390;USD;Склад;Любое изменение конфигурации. Установка и подключение бесплатно. Доставка по всей Беларуси. На сайте WWW.COOLER.BY большой выбор комплектаций, подбор через онлайн конфигуратор! Skype: cooler.by ;12;;Бесплатная;Да;Да
Компьютеры;Компьютер под заказ;AMD 450/4/500/450 Вт;274;USD;Склад;Любое изменение конфигурации. Установка и подключение бесплатно. Доставка по всей Беларуси. На сайте WWW.COOLER.BY большой выбор комплектаций, подбор через онлайн конфигуратор! Skype: cooler.by ;12;;Бесплатная;Да;Да
Компьютеры;Компьютер под заказ;AMD 450/4/500/GT640/550 Вт;377;USD;Склад;Любое изменение конфигурации. Установка и подключение бесплатно. Доставка по всей Беларуси. На сайте WWW.COOLER.BY большой выбор комплектаций, подбор через онлайн конфигуратор! Skype: cooler.by ;12;;Бесплатная;Да;Да
Компьютеры;Компьютер под заказ;AMD 450/4/500/GTX550 Ti/550 Вт;386;USD;Склад;Любое изменение конфигурации. Установка и подключение бесплатно. Доставка по всей Беларуси. На сайте WWW.COOLER.BY большой выбор комплектаций, подбор через онлайн конфигуратор! Skype: cooler.by ;12;;Бесплатная;Да;Да
Компьютеры;Компьютер под заказ;AMD 6100/4/500/GT640/550 Вт;455;USD;Склад;Любое изменение конфигурации. Установка и подключение бесплатно. Доставка по всей Беларуси. На сайте WWW.COOLER.BY большой выбор комплектаций, подбор через онлайн конфигуратор! Skype: cooler.by ;12;;Бесплатная;Да;Да
Компьютеры;Компьютер под заказ;AMD 6100/8/1000/GTX550 Ti/550 Вт;469;USD;Склад;Любое изменение конфигурации. Установка и подключение бесплатно. Доставка по всей Беларуси. На сайте WWW.COOLER.BY большой выбор комплектаций, подбор через онлайн конфигуратор! Skype: cooler.by ;12;;Бесплатная;Да;Да
Компьютеры;Компьютер под заказ;AMD 6200/4/500/GT640/550 Вт;469;USD;Склад;Любое изменение конфигурации. Установка и подключение бесплатно. Доставка по всей Беларуси. На сайте WWW.COOLER.BY большой выбор комплектаций, подбор через онлайн конфигуратор! Skype: cooler.by ;12;;Бесплатная;Да;Да
Компьютеры;Компьютер под заказ;AMD 6200/8/1000/GTX550 Ti/550 Вт;510;USD;Склад;Любое изменение конфигурации. Установка и подключение бесплатно. Доставка по всей Беларуси. На сайте WWW.COOLER.BY большой выбор комплектаций, подбор через онлайн конфигуратор! Skype: cooler.by ;12;;Бесплатная;Да;Да
Компьютеры;Компьютер под заказ;AMD 631/4/500/GT640/550 Вт;395;USD;Склад;Любое изменение конфигурации. Установка и подключение бесплатно. Доставка по всей Беларуси. На сайте WWW.COOLER.BY большой выбор комплектаций, подбор через онлайн конфигуратор! Skype: cooler.by ;12;;Бесплатная;Да;Да
Компьютеры;Компьютер под заказ;AMD 631/8/1000/GTX550 Ti/550 Вт;436;USD;Склад;Любое изменение конфигурации. Установка и подключение бесплатно. Доставка по всей Беларуси. На сайте WWW.COOLER.BY большой выбор комплектаций, подбор через онлайн конфигуратор! Skype: cooler.by ;12;;Бесплатная;Да;Да
Компьютеры;Компьютер под заказ;AMD 640/4/500/GTX550 Ti/500 Вт;435;USD;Склад;Любое изменение конфигурации. Установка и подключение бесплатно. Доставка по всей Беларуси. На сайте WWW.COOLER.BY большой выбор комплектаций, подбор через онлайн конфигуратор! Skype: cooler.by ;24;;Бесплатная;Да;Да
Компьютеры;Компьютер под заказ;AMD 640/4/500/HD6850/500 Вт;485;USD;Склад;Любое изменение конфигурации. Установка и подключение бесплатно. Доставка по всей Беларуси. На сайте WWW.COOLER.BY большой выбор комплектаций, подбор через онлайн конфигуратор! Skype: cooler.by ;24;;Бесплатная;Да;Да
Компьютеры;Компьютер под заказ;AMD 641/4/500/GT440/500 Вт;335;USD;Склад;Любое изменение конфигурации. Установка и подключение бесплатно. Доставка по всей Беларуси. На сайте WWW.COOLER.BY большой выбор комплектаций, подбор через онлайн конфигуратор! Skype: cooler.by ;24;;Бесплатная;Да;Да
Компьютеры;Компьютер под заказ;AMD 651/4/500/GT640/550 Вт;418;USD;Склад;Любое изменение конфигурации. Установка и подключение бесплатно. Доставка по всей Беларуси. На сайте WWW.COOLER.BY большой выбор комплектаций, подбор через онлайн конфигуратор! Skype: cooler.by ;12;;Бесплатная;Да;Да
Компьютеры;Компьютер под заказ;AMD 651/4/500/GTS450/500 Вт;370;USD;Склад;Любое изменение конфигурации. Установка и подключение бесплатно. Доставка по всей Беларуси. На сайте WWW.COOLER.BY большой выбор комплектаций, подбор через онлайн конфигуратор! Skype: cooler.by ;24;;Бесплатная;Да;Да
Компьютеры;Компьютер под заказ;AMD 651/8/1000/GTX550 Ti/550 Вт;435;USD;Склад;Любое изменение конфигурации. Установка и подключение бесплатно. Доставка по всей Беларуси. На сайте WWW.COOLER.BY большой выбор комплектаций, подбор через онлайн конфигуратор! Skype: cooler.by ;12;;Бесплатная;Да;Да
Компьютеры;Компьютер под заказ;AMD 8120/4/500/GT640/550 Вт;497;USD;Склад;Любое изменение конфигурации. Установка и подключение бесплатно. Доставка по всей Беларуси. На сайте WWW.COOLER.BY большой выбор комплектаций, подбор через онлайн конфигуратор! Skype: cooler.by ;12;;Бесплатная;Да;Да
Компьютеры;Компьютер под заказ;AMD 8120/8/1000/GTX550 Ti/550 Вт;538;USD;Склад;Любое изменение конфигурации. Установка и подключение бесплатно. Доставка по всей Беларуси. На сайте WWW.COOLER.BY большой выбор комплектаций, подбор через онлайн конфигуратор! Skype: cooler.by ;12;;Бесплатная;Да;Да
Компьютеры;Компьютер под заказ;AMD 8150/4/500/GT640/550 Вт;534;USD;Склад;Любое изменение конфигурации. Установка и подключение бесплатно. Доставка по всей Беларуси. На сайте WWW.COOLER.BY большой выбор комплектаций, подбор через онлайн конфигуратор! Skype: cooler.by ;12;;Бесплатная;Да;Да
Компьютеры;Компьютер под заказ;AMD 8150/8/1000/GTX550 Ti/550 Вт;575;USD;Склад;Любое изменение конфигурации. Установка и подключение бесплатно. Доставка по всей Беларуси. На сайте WWW.COOLER.BY большой выбор комплектаций, подбор через онлайн конфигуратор! Skype: cooler.by ;12;;Бесплатная;Да;Да
Компьютеры;Компьютер под заказ;AMD 945/4/1000/GTX550 Ti/460-550 Вт;500;USD;Склад;Любое изменение конфигурации. Установка и подключение бесплатно. Доставка по всей Беларуси. На сайте WWW.COOLER.BY большой выбор комплектаций, подбор через онлайн конфигуратор! Skype: cooler.by ;24;;Бесплатная;Да;Да
Компьютеры;Компьютер под заказ;AMD 955/4/500/GT640/550 Вт;400;USD;Склад;Любое изменение конфигурации. Установка и подключение бесплатно. Доставка по всей Беларуси. На сайте WWW.COOLER.BY большой выбор комплектаций, подбор через онлайн конфигуратор! Skype: cooler.by ;12;;Бесплатная;Да;Да
Компьютеры;Компьютер под заказ;AMD 955/8/1000/GTX550 Ti/550 Вт;405;USD;Склад;Любое изменение конфигурации. Установка и подключение бесплатно. Доставка по всей Беларуси. На сайте WWW.COOLER.BY большой выбор комплектаций, подбор через онлайн конфигуратор! Skype: cooler.by ;12;;Бесплатная;Да;Да
Компьютеры;Компьютер под заказ;AMD 975/8/2000/GTX560 Ti/700 Вт;750;USD;Склад;Любое изменение конфигурации. Установка и подключение бесплатно. Доставка по всей Беларуси. На сайте WWW.COOLER.BY большой выбор комплектаций, подбор через онлайн конфигуратор! Skype: cooler.by ;24;;Бесплатная;Да;Да
Компьютеры;Компьютер под заказ;Intel 2100/4/500/HD6850/500 Вт;490;USD;Склад;Любое изменение конфигурации. Установка и подключение бесплатно. Доставка по всей Беларуси. На сайте WWW.COOLER.BY большой выбор комплектаций, подбор через онлайн конфигуратор! Skype: cooler.by ;24;;Бесплатная;Да;Да
Компьютеры;Компьютер под заказ;Intel 2120/4/500/GT640/550 Вт;443;USD;Склад;Любое изменение конфигурации. Установка и подключение бесплатно. Доставка по всей Беларуси. На сайте WWW.COOLER.BY большой выбор комплектаций, подбор через онлайн конфигуратор! Skype: cooler.by ;12;;Бесплатная;Да;Да
Компьютеры;Компьютер под заказ;Intel 2120/8/1000/GTX550 Ti/550 Вт;484;USD;Склад;Любое изменение конфигурации. Установка и подключение бесплатно. Доставка по всей Беларуси. На сайте WWW.COOLER.BY большой выбор комплектаций, подбор через онлайн конфигуратор! Skype: cooler.by ;12;;Бесплатная;Да;Да
Компьютеры;Компьютер под заказ;Intel 2130/4/500/450 Вт;330;USD;Склад;Любое изменение конфигурации. Установка и подключение бесплатно. Доставка по всей Беларуси. На сайте WWW.COOLER.BY большой выбор комплектаций, подбор через онлайн конфигуратор! Skype: cooler.by ;24;;Бесплатная;Да;Да
Компьютеры;Компьютер под заказ;Intel 2300/4/1000/GTX550 Ti/450 Вт;510;USD;Склад;Любое изменение конфигурации. Установка и подключение бесплатно. Доставка по всей Беларуси. На сайте WWW.COOLER.BY большой выбор комплектаций, подбор через онлайн конфигуратор! Skype: cooler.by ;24;;Бесплатная;Да;Да
Компьютеры;Компьютер под заказ;Intel 2310/4/500/450 Вт;378;USD;Склад;Любое изменение конфигурации. Установка и подключение бесплатно. Доставка по всей Беларуси. На сайте WWW.COOLER.BY большой выбор комплектаций, подбор через онлайн конфигуратор! Skype: cooler.by ;24;;Бесплатная;Да;Да
Компьютеры;Компьютер под заказ;Intel 2320/4/500/450 Вт;399;USD;Склад;Любое изменение конфигурации. Установка и подключение бесплатно. Доставка по всей Беларуси. На сайте WWW.COOLER.BY большой выбор комплектаций, подбор через онлайн конфигуратор! Skype: cooler.by ;24;;Бесплатная;Да;Да
Компьютеры;Компьютер под заказ;Intel 2380P/4/1000/GTX560 Ti/450 Вт;615;USD;Склад;Любое изменение конфигурации. Установка и подключение бесплатно. Доставка по всей Беларуси. На сайте WWW.COOLER.BY большой выбор комплектаций, подбор через онлайн конфигуратор! Skype: cooler.by ;24;;Бесплатная;Да;Да
Компьютеры;Компьютер под заказ;Intel 2400/4/1000/450 Вт;415;USD;Склад;Любое изменение конфигурации. Установка и подключение бесплатно. Доставка по всей Беларуси. На сайте WWW.COOLER.BY большой выбор комплектаций, подбор через онлайн конфигуратор! Skype: cooler.by ;24;;Бесплатная;Да;Да
Компьютеры;Компьютер под заказ;Intel 2450P/4/1000/GTX560 Ti/450 Вт;630;USD;Склад;Любое изменение конфигурации. Установка и подключение бесплатно. Доставка по всей Беларуси. На сайте WWW.COOLER.BY большой выбор комплектаций, подбор через онлайн конфигуратор! Skype: cooler.by ;24;;Бесплатная;Да;Да
Компьютеры;Компьютер под заказ;Intel 2500/4/1000/450 Вт;440;USD;Склад;Любое изменение конфигурации. Установка и подключение бесплатно. Доставка по всей Беларуси. На сайте WWW.COOLER.BY большой выбор комплектаций, подбор через онлайн конфигуратор! Skype: cooler.by ;24;;Бесплатная;Да;Да
Компьютеры;Компьютер под заказ;Intel 2600/8/2000/GTX560 OC/500 Вт;745;USD;Склад;Любое изменение конфигурации. Установка и подключение бесплатно. Доставка по всей Беларуси. На сайте WWW.COOLER.BY большой выбор комплектаций, подбор через онлайн конфигуратор! Skype: cooler.by ;24;;Бесплатная;Да;Да
Компьютеры;Компьютер под заказ;Intel 2700K/4/1000/GTX560 Ti/500 Вт;745;USD;Склад;Любое изменение конфигурации. Установка и подключение бесплатно. Доставка по всей Беларуси. На сайте WWW.COOLER.BY большой выбор комплектаций, подбор через онлайн конфигуратор! Skype: cooler.by ;24;;Бесплатная;Да;Да
Компьютеры;Компьютер под заказ;Intel 3450/4/1000/GTX560 Ti/500 Вт;657;USD;Склад;Любое изменение конфигурации. Установка и подключение бесплатно. Доставка по всей Беларуси. На сайте WWW.COOLER.BY большой выбор комплектаций, подбор через онлайн конфигуратор! Skype: cooler.by ;24;;Бесплатная;Да;Да
Компьютеры;Компьютер под заказ;Intel 3550/4/1000/GTX560 Ti/500 Вт;677;USD;Склад;Любое изменение конфигурации. Установка и подключение бесплатно. Доставка по всей Беларуси. На сайте WWW.COOLER.BY большой выбор комплектаций, подбор через онлайн конфигуратор! Skype: cooler.by ;24;;Бесплатная;Да;Да
Компьютеры;Компьютер под заказ;Intel G440/2/500/450 Вт;233;USD;Склад;Любое изменение конфигурации. Установка и подключение бесплатно. Доставка по всей Беларуси. На сайте WWW.COOLER.BY большой выбор комплектаций, подбор через онлайн конфигуратор! Skype: cooler.by ;24;;Бесплатная;Да;Да
Компьютеры;Компьютер под заказ;Intel G460/2/500/450 Вт;236;USD;Склад;Любое изменение конфигурации. Установка и подключение бесплатно. Доставка по всей Беларуси. На сайте WWW.COOLER.BY большой выбор комплектаций, подбор через онлайн конфигуратор! Skype: cooler.by ;24;;Бесплатная;Да;Да
Компьютеры;Компьютер под заказ;Intel G530/2/500/450 Вт;244;USD;Склад;Любое изменение конфигурации. Установка и подключение бесплатно. Доставка по всей Беларуси. На сайте WWW.COOLER.BY большой выбор комплектаций, подбор через онлайн конфигуратор! Skype: cooler.by ;24;;Бесплатная;Да;Да
Компьютеры;Компьютер под заказ;Intel G540/2/500/450 Вт;244;USD;Склад;Любое изменение конфигурации. Установка и подключение бесплатно. Доставка по всей Беларуси. На сайте WWW.COOLER.BY большой выбор комплектаций, подбор через онлайн конфигуратор! Skype: cooler.by ;24;;Бесплатная;Да;Да
Компьютеры;Компьютер под заказ;Intel G620/4/500/450 Вт;254;USD;Склад;Любое изменение конфигурации. Установка и подключение бесплатно. Доставка по всей Беларуси. На сайте WWW.COOLER.BY большой выбор комплектаций, подбор через онлайн конфигуратор! Skype: cooler.by ;24;;Бесплатная;Да;Да
Компьютеры;Компьютер под заказ;Intel G630/4/500/450 Вт;254;USD;Склад;Любое изменение конфигурации. Установка и подключение бесплатно. Доставка по всей Беларуси. На сайте WWW.COOLER.BY большой выбор комплектаций, подбор через онлайн конфигуратор! Skype: cooler.by ;24;;Бесплатная;Да;Да
Компьютеры;Компьютер под заказ;Intel G840/4/1000/450 Вт;283;USD;Склад;Любое изменение конфигурации. Установка и подключение бесплатно. Доставка по всей Беларуси. На сайте WWW.COOLER.BY большой выбор комплектаций, подбор через онлайн конфигуратор! Skype: cooler.by ;24;;Бесплатная;Да;Да
Компьютеры;Компьютер под заказ;Intel G850/4/1000/450 Вт;283;USD;Склад;Любое изменение конфигурации. Установка и подключение бесплатно. Доставка по всей Беларуси. На сайте WWW.COOLER.BY большой выбор комплектаций, подбор через онлайн конфигуратор! Skype: cooler.by ;24;;Бесплатная;Да;Да
Компьютеры;Компьютер под заказ;Intel G860/4/1000/450 Вт;288;USD;Склад;Любое изменение конфигурации. Установка и подключение бесплатно. Доставка по всей Беларуси. На сайте WWW.COOLER.BY большой выбор комплектаций, подбор через онлайн конфигуратор! Skype: cooler.by ;24;;Бесплатная;Да;Да
